scenario_id,base_dag_id,dataset_source,num_tasks,num_edges,num_nodes,num_cloud,num_edge,num_end,domain,policy,makespan,heft_makespan,ratio,valid_schedule,inference_time_ms
grapheonrl:rnc100:rand0013:heterogeneous,rnc100:rand0013,grapheonrl,100,708,8,6,1,1,grapheonrl,heft,156.17232073776,156.17232073776,1.0,True,180.16772700138972
grapheonrl:rnc100:rand0013:homogeneous,rnc100:rand0013,grapheonrl,100,708,3,3,0,0,grapheonrl,heft,393.1676979999999,393.1676979999999,1.0,True,121.6128860032768
grapheonrl:rnc100:rand0015:heterogeneous,rnc100:rand0015,grapheonrl,100,322,8,6,1,1,grapheonrl,heft,133.3286291654,133.3286291654,1.0,True,139.04656800150406
grapheonrl:rnc100:rand0015:homogeneous,rnc100:rand0015,grapheonrl,100,322,3,3,0,0,grapheonrl,heft,367.3893046853899,367.3893046853899,1.0,True,113.52602899933117
grapheonrl:rnc100:rand0017:heterogeneous,rnc100:rand0017,grapheonrl,100,592,8,6,1,1,grapheonrl,heft,182.63264554332002,182.63264554332002,1.0,True,175.3030049985682
grapheonrl:rnc100:rand0017:homogeneous,rnc100:rand0017,grapheonrl,100,592,3,3,0,0,grapheonrl,heft,362.82801976914993,362.82801976914993,1.0,True,114.9833839990606
grapheonrl:rnc100:rand0018:heterogeneous,rnc100:rand0018,grapheonrl,100,397,8,6,1,1,grapheonrl,heft,163.29698360394997,163.29698360394997,1.0,True,164.17781299969647
grapheonrl:rnc100:rand0018:homogeneous,rnc100:rand0018,grapheonrl,100,397,3,3,0,0,grapheonrl,heft,388.56236149180006,388.56236149180006,1.0,True,113.11725700215902
grapheonrl:rnc100:rand0024:heterogeneous,rnc100:rand0024,grapheonrl,100,560,8,6,1,1,grapheonrl,heft,150.00000100000003,150.00000100000003,1.0,True,151.13428100085002
grapheonrl:rnc100:rand0024:homogeneous,rnc100:rand0024,grapheonrl,100,560,3,3,0,0,grapheonrl,heft,336.1445769999998,336.1445769999998,1.0,True,122.48684400037746
grapheonrl:rnc100:rand0030:heterogeneous,rnc100:rand0030,grapheonrl,100,659,8,6,1,1,grapheonrl,heft,110.97632,110.97632,1.0,True,170.44213700137334
grapheonrl:rnc100:rand0030:homogeneous,rnc100:rand0030,grapheonrl,100,659,3,3,0,0,grapheonrl,heft,338.02048,338.02048,1.0,True,120.83219200212625
grapheonrl:rnc100:rand0031:heterogeneous,rnc100:rand0031,grapheonrl,100,483,8,6,1,1,grapheonrl,heft,93.27264769033,93.27264769033,1.0,True,148.67883199985954
grapheonrl:rnc100:rand0031:homogeneous,rnc100:rand0031,grapheonrl,100,483,3,3,0,0,grapheonrl,heft,333.45677261134,333.45677261134,1.0,True,112.90790600105538
grapheonrl:rnc100:rand0037:heterogeneous,rnc100:rand0037,grapheonrl,100,677,8,6,1,1,grapheonrl,heft,100.46372563455002,100.46372563455002,1.0,True,165.86593399915728
grapheonrl:rnc100:rand0037:homogeneous,rnc100:rand0037,grapheonrl,100,677,3,3,0,0,grapheonrl,heft,337.7574380000001,337.7574380000001,1.0,True,126.21237599887536
grapheonrl:rnc100:rand0048:heterogeneous,rnc100:rand0048,grapheonrl,100,518,8,6,1,1,grapheonrl,heft,128.87671267,128.87671267,1.0,True,179.6902010028134
grapheonrl:rnc100:rand0048:homogeneous,rnc100:rand0048,grapheonrl,100,518,3,3,0,0,grapheonrl,heft,358.561645,358.561645,1.0,True,119.50502800027607
grapheonrl:rnc100:rand0050:heterogeneous,rnc100:rand0050,grapheonrl,100,772,8,6,1,1,grapheonrl,heft,117.44054143951999,117.44054143951999,1.0,True,177.2364380012732
grapheonrl:rnc100:rand0050:homogeneous,rnc100:rand0050,grapheonrl,100,772,3,3,0,0,grapheonrl,heft,336.16601800000007,336.16601800000007,1.0,True,126.04440300128772
grapheonrl:rnc100:rand0085:heterogeneous,rnc100:rand0085,grapheonrl,100,1184,8,6,1,1,grapheonrl,heft,270.28920802092995,270.28920802092995,1.0,True,203.36053400023957
grapheonrl:rnc100:rand0085:homogeneous,rnc100:rand0085,grapheonrl,100,1184,3,3,0,0,grapheonrl,heft,365.45513317992,365.45513317992,1.0,True,151.8085380012053
grapheonrl:rnc100:rand0091:heterogeneous,rnc100:rand0091,grapheonrl,100,1742,8,6,1,1,grapheonrl,heft,150.48524607212002,150.48524607212002,1.0,True,286.66509300092
grapheonrl:rnc100:rand0091:homogeneous,rnc100:rand0091,grapheonrl,100,1742,3,3,0,0,grapheonrl,heft,335.24132187045,335.24132187045,1.0,True,162.21651600062614
grapheonrl:rnc100:rand0097:heterogeneous,rnc100:rand0097,grapheonrl,100,271,8,6,1,1,grapheonrl,heft,90.5073285,90.5073285,1.0,True,130.73489599992172
grapheonrl:rnc100:rand0097:homogeneous,rnc100:rand0097,grapheonrl,100,271,3,3,0,0,grapheonrl,heft,335.8511820000001,335.8511820000001,1.0,True,116.89389399907668
grapheonrl:rnc100:rand0105:heterogeneous,rnc100:rand0105,grapheonrl,100,1463,8,6,1,1,grapheonrl,heft,229.1885428432,229.1885428432,1.0,True,255.93811699945945
grapheonrl:rnc100:rand0105:homogeneous,rnc100:rand0105,grapheonrl,100,1463,3,3,0,0,grapheonrl,heft,372.77419499999996,372.77419499999996,1.0,True,151.37360199878458
grapheonrl:rnc100:rand0113:heterogeneous,rnc100:rand0113,grapheonrl,100,915,8,6,1,1,grapheonrl,heft,115.38879970909,115.38879970909,1.0,True,180.42158399839536
grapheonrl:rnc100:rand0113:homogeneous,rnc100:rand0113,grapheonrl,100,915,3,3,0,0,grapheonrl,heft,332.82036390909,332.82036390909,1.0,True,131.06931600123062
grapheonrl:rnc100:rand0116:heterogeneous,rnc100:rand0116,grapheonrl,100,1097,8,6,1,1,grapheonrl,heft,144.77662029722,144.77662029722,1.0,True,207.29656600087765
grapheonrl:rnc100:rand0116:homogeneous,rnc100:rand0116,grapheonrl,100,1097,3,3,0,0,grapheonrl,heft,332.837409,332.837409,1.0,True,146.61479699861957
grapheonrl:rnc100:rand0124:heterogeneous,rnc100:rand0124,grapheonrl,100,458,8,6,1,1,grapheonrl,heft,117.58603409676002,117.58603409676002,1.0,True,153.29099699738435
grapheonrl:rnc100:rand0124:homogeneous,rnc100:rand0124,grapheonrl,100,458,3,3,0,0,grapheonrl,heft,343.03278700000004,343.03278700000004,1.0,True,122.24104499910027
grapheonrl:rnc100:rand0136:heterogeneous,rnc100:rand0136,grapheonrl,100,709,8,6,1,1,grapheonrl,heft,135.48408462478,135.48408462478,1.0,True,164.72625799724483
grapheonrl:rnc100:rand0136:homogeneous,rnc100:rand0136,grapheonrl,100,709,3,3,0,0,grapheonrl,heft,342.3236549999999,342.3236549999999,1.0,True,119.1543740023917
grapheonrl:rnc100:rand0142:heterogeneous,rnc100:rand0142,grapheonrl,100,215,8,6,1,1,grapheonrl,heft,367.05263126000006,367.05263126000006,1.0,True,125.19917400277336
grapheonrl:rnc100:rand0142:homogeneous,rnc100:rand0142,grapheonrl,100,215,3,3,0,0,grapheonrl,heft,392.17262842105,392.17262842105,1.0,True,103.27139899891336
grapheonrl:rnc100:rand0170:heterogeneous,rnc100:rand0170,grapheonrl,100,1662,8,6,1,1,grapheonrl,heft,143.98890337646998,143.98890337646998,1.0,True,274.4481560002896
grapheonrl:rnc100:rand0170:homogeneous,rnc100:rand0170,grapheonrl,100,1662,3,3,0,0,grapheonrl,heft,369.34673399999997,369.34673399999997,1.0,True,171.07948800185113
grapheonrl:rnc100:rand0178:heterogeneous,rnc100:rand0178,grapheonrl,100,1028,8,6,1,1,grapheonrl,heft,106.93478762398999,106.93478762398999,1.0,True,215.37433000048622
grapheonrl:rnc100:rand0178:homogeneous,rnc100:rand0178,grapheonrl,100,1028,3,3,0,0,grapheonrl,heft,340.09907045727,340.09907045727,1.0,True,139.4602330001362
grapheonrl:rnc300:rand0000:heterogeneous,rnc300:rand0000,grapheonrl,300,7251,8,6,1,1,grapheonrl,heft,589.2644355621003,589.2644355621003,1.0,True,1343.5403220028093
grapheonrl:rnc300:rand0000:homogeneous,rnc300:rand0000,grapheonrl,300,7251,3,3,0,0,grapheonrl,heft,1015.5384503779502,1015.5384503779502,1.0,True,903.422497001884
grapheonrl:rnc300:rand0004:heterogeneous,rnc300:rand0004,grapheonrl,300,6238,8,6,1,1,grapheonrl,heft,525.58092,525.58092,1.0,True,1209.5749430009164
grapheonrl:rnc300:rand0004:homogeneous,rnc300:rand0004,grapheonrl,300,6238,3,3,0,0,grapheonrl,heft,1001.1540600000001,1001.1540600000001,1.0,True,860.9251310008403
grapheonrl:rnc300:rand0009:heterogeneous,rnc300:rand0009,grapheonrl,300,3172,8,6,1,1,grapheonrl,heft,294.8067389283299,294.8067389283299,1.0,True,866.9263859992498
grapheonrl:rnc300:rand0009:homogeneous,rnc300:rand0009,grapheonrl,300,3172,3,3,0,0,grapheonrl,heft,1003.2747018810303,1003.2747018810303,1.0,True,659.1891730022326
grapheonrl:rnc300:rand0019:heterogeneous,rnc300:rand0019,grapheonrl,300,3544,8,6,1,1,grapheonrl,heft,488.8393644287801,488.8393644287801,1.0,True,974.0279069992539
grapheonrl:rnc300:rand0019:homogeneous,rnc300:rand0019,grapheonrl,300,3544,3,3,0,0,grapheonrl,heft,1116.9736407707996,1116.9736407707996,1.0,True,697.847356001148
grapheonrl:rnc300:rand0033:heterogeneous,rnc300:rand0033,grapheonrl,300,2958,8,6,1,1,grapheonrl,heft,278.4380005142799,278.4380005142799,1.0,True,822.8230610002356
grapheonrl:rnc300:rand0033:homogeneous,rnc300:rand0033,grapheonrl,300,2958,3,3,0,0,grapheonrl,heft,998.2508594285699,998.2508594285699,1.0,True,663.8055980001809
grapheonrl:rnc300:rand0047:heterogeneous,rnc300:rand0047,grapheonrl,300,2361,8,6,1,1,grapheonrl,heft,348.0234733326099,348.0234733326099,1.0,True,794.9425769984373
grapheonrl:rnc300:rand0047:homogeneous,rnc300:rand0047,grapheonrl,300,2361,3,3,0,0,grapheonrl,heft,1112.43490708761,1112.43490708761,1.0,True,623.3383990002039
grapheonrl:rnc300:rand0055:heterogeneous,rnc300:rand0055,grapheonrl,300,6713,8,6,1,1,grapheonrl,heft,316.03592864553,316.03592864553,1.0,True,1266.6787529997237
grapheonrl:rnc300:rand0055:homogeneous,rnc300:rand0055,grapheonrl,300,6713,3,3,0,0,grapheonrl,heft,1004.2508049999997,1004.2508049999997,1.0,True,875.9673749991634
grapheonrl:rnc300:rand0056:heterogeneous,rnc300:rand0056,grapheonrl,300,4779,8,6,1,1,grapheonrl,heft,315.97941526010004,315.97941526010004,1.0,True,1080.093205000594
grapheonrl:rnc300:rand0056:homogeneous,rnc300:rand0056,grapheonrl,300,4779,3,3,0,0,grapheonrl,heft,999.1470638443902,999.1470638443902,1.0,True,866.8016499977966
grapheonrl:rnc300:rand0058:heterogeneous,rnc300:rand0058,grapheonrl,300,7491,8,6,1,1,grapheonrl,heft,321.72240772553005,321.72240772553005,1.0,True,1319.3737030014745
grapheonrl:rnc300:rand0058:homogeneous,rnc300:rand0058,grapheonrl,300,7491,3,3,0,0,grapheonrl,heft,1005.7306630000004,1005.7306630000004,1.0,True,971.6161739997915
grapheonrl:rnc300:rand0092:heterogeneous,rnc300:rand0092,grapheonrl,300,5103,8,6,1,1,grapheonrl,heft,282.62459066085006,282.62459066085006,1.0,True,1123.3596880010737
grapheonrl:rnc300:rand0092:homogeneous,rnc300:rand0092,grapheonrl,300,5103,3,3,0,0,grapheonrl,heft,1002.6752594534097,1002.6752594534097,1.0,True,788.405479001085
grapheonrl:rnc300:rand0094:heterogeneous,rnc300:rand0094,grapheonrl,300,1851,8,6,1,1,grapheonrl,heft,263.601885391,263.601885391,1.0,True,863.643533000868
grapheonrl:rnc300:rand0094:homogeneous,rnc300:rand0094,grapheonrl,300,1851,3,3,0,0,grapheonrl,heft,1006.2627206480706,1006.2627206480706,1.0,True,643.6522530020738
grapheonrl:rnc300:rand0098:heterogeneous,rnc300:rand0098,grapheonrl,300,881,8,6,1,1,grapheonrl,heft,267.07548074659013,267.07548074659013,1.0,True,775.6807590012613
grapheonrl:rnc300:rand0098:homogeneous,rnc300:rand0098,grapheonrl,300,881,3,3,0,0,grapheonrl,heft,1000.9197010000003,1000.9197010000003,1.0,True,663.6800509986642
grapheonrl:rnc300:rand0105:heterogeneous,rnc300:rand0105,grapheonrl,300,580,8,6,1,1,grapheonrl,heft,288.23565595,288.23565595,1.0,True,575.1463289998355
grapheonrl:rnc300:rand0105:homogeneous,rnc300:rand0105,grapheonrl,300,580,3,3,0,0,grapheonrl,heft,1111.3977600000012,1111.3977600000012,1.0,True,503.54382200021064
grapheonrl:rnc300:rand0106:heterogeneous,rnc300:rand0106,grapheonrl,300,4890,8,6,1,1,grapheonrl,heft,382.8129357671299,382.8129357671299,1.0,True,1144.651269998576
grapheonrl:rnc300:rand0106:homogeneous,rnc300:rand0106,grapheonrl,300,4890,3,3,0,0,grapheonrl,heft,1125.2712883953097,1125.2712883953097,1.0,True,787.8891580003256
grapheonrl:rnc300:rand0115:heterogeneous,rnc300:rand0115,grapheonrl,300,1187,8,6,1,1,grapheonrl,heft,311.2675207190001,311.2675207190001,1.0,True,619.0362439992896
grapheonrl:rnc300:rand0115:homogeneous,rnc300:rand0115,grapheonrl,300,1187,3,3,0,0,grapheonrl,heft,1003.2066940000001,1003.2066940000001,1.0,True,552.3131740010285
grapheonrl:rnc300:rand0118:heterogeneous,rnc300:rand0118,grapheonrl,300,1826,8,6,1,1,grapheonrl,heft,300.8571416000001,300.8571416000001,1.0,True,697.4956230005773
grapheonrl:rnc300:rand0118:homogeneous,rnc300:rand0118,grapheonrl,300,1826,3,3,0,0,grapheonrl,heft,998.951172999999,998.951172999999,1.0,True,576.6234869988693
grapheonrl:rnc300:rand0120:heterogeneous,rnc300:rand0120,grapheonrl,300,4192,8,6,1,1,grapheonrl,heft,308.78497222807,308.78497222807,1.0,True,984.7527939964493
grapheonrl:rnc300:rand0120:homogeneous,rnc300:rand0120,grapheonrl,300,4192,3,3,0,0,grapheonrl,heft,1033.2510577742398,1033.2510577742398,1.0,True,710.703705000924
grapheonrl:rnc300:rand0144:heterogeneous,rnc300:rand0144,grapheonrl,300,3881,8,6,1,1,grapheonrl,heft,332.8978676035699,332.8978676035699,1.0,True,981.876714999089
grapheonrl:rnc300:rand0144:homogeneous,rnc300:rand0144,grapheonrl,300,3881,3,3,0,0,grapheonrl,heft,1150.0857629999987,1150.0857629999987,1.0,True,700.2999640026246
grapheonrl:rnc300:rand0152:heterogeneous,rnc300:rand0152,grapheonrl,300,5336,8,6,1,1,grapheonrl,heft,458.8111981629601,458.8111981629601,1.0,True,1092.086491000373
grapheonrl:rnc300:rand0152:homogeneous,rnc300:rand0152,grapheonrl,300,5336,3,3,0,0,grapheonrl,heft,1034.0257480000007,1034.0257480000007,1.0,True,824.7363440023037
grapheonrl:rnc300:rand0153:heterogeneous,rnc300:rand0153,grapheonrl,300,3886,8,6,1,1,grapheonrl,heft,371.22820705577004,371.22820705577004,1.0,True,941.3674259994878
grapheonrl:rnc300:rand0153:homogeneous,rnc300:rand0153,grapheonrl,300,3886,3,3,0,0,grapheonrl,heft,1038.4273636842095,1038.4273636842095,1.0,True,733.8435299971025
grapheonrl:rnc300:rand0161:heterogeneous,rnc300:rand0161,grapheonrl,300,1811,8,6,1,1,grapheonrl,heft,287.1348563999999,287.1348563999999,1.0,True,730.3966799991031
grapheonrl:rnc300:rand0161:homogeneous,rnc300:rand0161,grapheonrl,300,1811,3,3,0,0,grapheonrl,heft,1029.4029781595902,1029.4029781595902,1.0,True,594.7427929968399
grapheonrl:rnc50:rand0000:heterogeneous,rnc50:rand0000,grapheonrl,50,96,8,6,1,1,grapheonrl,heft,60.516625647830004,60.516625647830004,1.0,True,52.862807002384216
grapheonrl:rnc50:rand0000:homogeneous,rnc50:rand0000,grapheonrl,50,96,3,3,0,0,grapheonrl,heft,172.23401534783,172.23401534783,1.0,True,46.87397999805398
grapheonrl:rnc50:rand0014:heterogeneous,rnc50:rand0014,grapheonrl,50,69,8,6,1,1,grapheonrl,heft,128.87823548588003,128.87823548588003,1.0,True,50.13920700002927
grapheonrl:rnc50:rand0014:homogeneous,rnc50:rand0014,grapheonrl,50,69,3,3,0,0,grapheonrl,heft,187.50000000000003,187.50000000000003,1.0,True,43.67387000093004
grapheonrl:rnc50:rand0030:heterogeneous,rnc50:rand0030,grapheonrl,50,110,8,6,1,1,grapheonrl,heft,54.48461485,54.48461485,1.0,True,52.457255998888286
grapheonrl:rnc50:rand0030:homogeneous,rnc50:rand0030,grapheonrl,50,110,3,3,0,0,grapheonrl,heft,171.346152,171.346152,1.0,True,42.568688997562276
grapheonrl:rnc50:rand0031:heterogeneous,rnc50:rand0031,grapheonrl,50,69,8,6,1,1,grapheonrl,heft,50.26153772,50.26153772,1.0,True,52.564729001460364
grapheonrl:rnc50:rand0031:homogeneous,rnc50:rand0031,grapheonrl,50,69,3,3,0,0,grapheonrl,heft,169.615383,169.61538299999998,1.0000000000000002,True,43.75226299816859
grapheonrl:rnc50:rand0050:heterogeneous,rnc50:rand0050,grapheonrl,50,110,8,6,1,1,grapheonrl,heft,56.2062272,56.2062272,1.0,True,69.6494790026918
grapheonrl:rnc50:rand0050:homogeneous,rnc50:rand0050,grapheonrl,50,110,3,3,0,0,grapheonrl,heft,171.59533399999998,171.59533399999998,1.0,True,55.528458000480896
grapheonrl:rnc50:rand0070:heterogeneous,rnc50:rand0070,grapheonrl,50,649,8,6,1,1,grapheonrl,heft,267.4867800854701,267.4867800854701,1.0,True,99.3981569990865
grapheonrl:rnc50:rand0070:homogeneous,rnc50:rand0070,grapheonrl,50,649,3,3,0,0,grapheonrl,heft,371.56907680269,371.56907680269,1.0,True,59.517355999560095
grapheonrl:rnc50:rand0097:heterogeneous,rnc50:rand0097,grapheonrl,50,813,8,6,1,1,grapheonrl,heft,87.27663068046,87.27663068046,1.0,True,119.54964899996412
grapheonrl:rnc50:rand0097:homogeneous,rnc50:rand0097,grapheonrl,50,813,3,3,0,0,grapheonrl,heft,175.87010552632,175.87010552632,1.0,True,64.15383599960478
grapheonrl:rnc50:rand0112:heterogeneous,rnc50:rand0112,grapheonrl,50,427,8,6,1,1,grapheonrl,heft,65.68006307574,65.68006307574,1.0,True,83.67103499767836
grapheonrl:rnc50:rand0112:homogeneous,rnc50:rand0112,grapheonrl,50,427,3,3,0,0,grapheonrl,heft,170.318724,170.318724,1.0,True,52.59721000038553
grapheonrl:rnc50:rand0115:heterogeneous,rnc50:rand0115,grapheonrl,50,575,8,6,1,1,grapheonrl,heft,61.777444303319996,61.777444303319996,1.0,True,95.43944599863607
grapheonrl:rnc50:rand0115:homogeneous,rnc50:rand0115,grapheonrl,50,575,3,3,0,0,grapheonrl,heft,172.50623067483,172.50623067483,1.0,True,60.852034999697935
grapheonrl:rnc50:rand0119:heterogeneous,rnc50:rand0119,grapheonrl,50,417,8,6,1,1,grapheonrl,heft,60.475755469389995,60.475755469389995,1.0,True,78.857385997253
grapheonrl:rnc50:rand0119:homogeneous,rnc50:rand0119,grapheonrl,50,417,3,3,0,0,grapheonrl,heft,171.42857099999998,171.42857099999998,1.0,True,52.65811099889106
grapheonrl:rnc50:rand0123:heterogeneous,rnc50:rand0123,grapheonrl,50,183,8,6,1,1,grapheonrl,heft,86.06185261280001,86.06185261280001,1.0,True,60.26739200024167
grapheonrl:rnc50:rand0123:homogeneous,rnc50:rand0123,grapheonrl,50,183,3,3,0,0,grapheonrl,heft,181.20904817891,181.20904817891,1.0,True,45.20230900016031
grapheonrl:rnc50:rand0173:heterogeneous,rnc50:rand0173,grapheonrl,50,124,8,6,1,1,grapheonrl,heft,124.30079992059002,124.30079992059002,1.0,True,61.97003399938694
grapheonrl:rnc50:rand0173:homogeneous,rnc50:rand0173,grapheonrl,50,124,3,3,0,0,grapheonrl,heft,202.09285967925004,202.09285967925004,1.0,True,48.67119700065814
