scenario_id,num_tasks,method,makespan,ratio,inference_ms,valid
grapheonrl:rnc50:rand0000:heterogeneous,50,heft,60.516625647830004,1.0,29.134099999737373,True
grapheonrl:rnc50:rand0000:heterogeneous,50,graph_ppo,68.2409737696,1.1276400995442313,175.62219999990702,True
grapheonrl:rnc50:rand0000:heterogeneous,50,tier_mappo,82.873563426,1.3694346394703796,231.11289999997098,True
grapheonrl:rnc50:rand0000:heterogeneous,50,hybrid,60.456521300000006,0.999006812637245,956.4836999998079,True
grapheonrl:rnc50:rand0000:homogeneous,50,heft,172.23401534783,1.0,22.595599999931437,True
grapheonrl:rnc50:rand0000:homogeneous,50,graph_ppo,180.2203816087,1.0463692740643675,120.31740000020363,True
grapheonrl:rnc50:rand0000:homogeneous,50,tier_mappo,186.1099813913,1.0805646086543776,178.82940000026792,True
grapheonrl:rnc50:rand0000:homogeneous,50,hybrid,172.17390899999995,0.9996510192965736,670.6515000000763,True
grapheonrl:rnc100:rand0013:heterogeneous,100,heft,156.17232073776,1.0,91.72140000009676,True
grapheonrl:rnc100:rand0013:heterogeneous,100,graph_ppo,127.19910327881001,0.814479177090536,436.3075999999637,True
grapheonrl:rnc100:rand0013:heterogeneous,100,tier_mappo,157.71994738815002,1.0099097371613548,590.4574000001048,True
grapheonrl:rnc100:rand0013:heterogeneous,100,hybrid,118.35428347388,0.7578441744015385,3590.602299999773,True
grapheonrl:rnc100:rand0013:homogeneous,100,heft,393.1676979999999,1.0,62.50030000001061,True
grapheonrl:rnc100:rand0013:homogeneous,100,graph_ppo,461.85122460869,1.1746926997260343,319.6412000002056,True
grapheonrl:rnc100:rand0013:homogeneous,100,tier_mappo,440.52133685714,1.120441325922813,442.8462999999283,True
grapheonrl:rnc100:rand0013:homogeneous,100,hybrid,391.32342274534,0.9953091892745982,2278.9389999998093,True
grapheonrl:rnc300:rand0000:heterogeneous,300,heft,589.2644355621003,1.0,782.897199999752,True
grapheonrl:rnc300:rand0000:heterogeneous,300,graph_ppo,606.8627665423501,1.0298649127932906,2886.886499999946,True
grapheonrl:rnc300:rand0000:heterogeneous,300,tier_mappo,771.2268603730499,1.3087958713092458,3866.1020999998073,True
grapheonrl:rnc300:rand0000:heterogeneous,300,hybrid,547.9744194409301,0.929929563657132,25744.302099999913,True
grapheonrl:rnc300:rand0000:homogeneous,300,heft,1015.5384503779502,1.0,575.4778000000442,True
grapheonrl:rnc300:rand0000:homogeneous,300,graph_ppo,1093.7877078582403,1.0770519889731092,4391.886399999748,True
grapheonrl:rnc300:rand0000:homogeneous,300,tier_mappo,1230.3263537794503,1.2115014978719545,5451.1060999998335,True
grapheonrl:rnc300:rand0000:homogeneous,300,hybrid,1012.1221355039304,0.9966359571390444,31390.468800000235,True
