seed,method,num_tasks,scenarios,mean_ratio
2026,graph_ppo,50,24,1.051952300120788
2026,graph_ppo,100,42,0.9999403324104632
2026,graph_ppo,300,42,1.047810398173559
2026,heft,50,24,1.0
2026,heft,100,42,1.0
2026,heft,300,42,1.0
2026,hrl_safe,50,24,0.9789155765865338
2026,hrl_safe,100,42,0.9284092915512315
2026,hrl_safe,300,42,0.9722271094072206
2026,hybrid,50,24,0.91721375843892
2026,hybrid,100,42,0.8907356636155426
2026,hybrid,300,42,0.9473417496090926
2026,residual_hrl,50,24,1.0031915139199494
2026,residual_hrl,100,42,0.9944366812257479
2026,residual_hrl,300,42,0.9969453040517077
2026,search_blocks,50,24,0.91721375843892
2026,search_blocks,100,42,0.8908592924516154
2026,search_blocks,300,42,0.9473417496090926
2026,tier_mappo,50,24,1.0727679026016304
2026,tier_mappo,100,42,1.07339413664542
2026,tier_mappo,300,42,1.184415593140217
2027,graph_ppo,50,24,1.049939140257272
2027,graph_ppo,100,42,0.9921492778691222
2027,graph_ppo,300,42,1.0234066180304204
2027,heft,50,24,1.0
2027,heft,100,42,1.0
2027,heft,300,42,1.0
2027,hrl_safe,50,24,0.9687617177662357
2027,hrl_safe,100,42,0.932469327477517
2027,hrl_safe,300,42,0.9710671964909106
2027,hybrid,50,24,0.9134377812452174
2027,hybrid,100,42,0.88924483932754
2027,hybrid,300,42,0.9485129107382898
2027,residual_hrl,50,24,1.0
2027,residual_hrl,100,42,1.0
2027,residual_hrl,300,42,0.9997632492756611
2027,search_blocks,50,24,0.9134377812452174
2027,search_blocks,100,42,0.88924483932754
2027,search_blocks,300,42,0.9485129107382898
2027,tier_mappo,50,24,1.0602969663949444
2027,tier_mappo,100,42,1.061136006545338
2027,tier_mappo,300,42,1.1460452290229834
2028,graph_ppo,50,24,1.075918703018507
2028,graph_ppo,100,42,1.02195101605278
2028,graph_ppo,300,42,1.039732042741855
2028,heft,50,24,1.0
2028,heft,100,42,1.0
2028,heft,300,42,1.0
2028,hrl_safe,50,24,0.9761475213823204
2028,hrl_safe,100,42,0.9249717137790011
2028,hrl_safe,300,42,0.9728654463049389
2028,hybrid,50,24,0.9148274801043262
2028,hybrid,100,42,0.8894427254875533
2028,hybrid,300,42,0.9493150943544589
2028,residual_hrl,50,24,1.0
2028,residual_hrl,100,42,1.0
2028,residual_hrl,300,42,0.9997632492756611
2028,search_blocks,50,24,0.9148274801043262
2028,search_blocks,100,42,0.8894427254875533
2028,search_blocks,300,42,0.9493150943544589
2028,tier_mappo,50,24,1.0409086478284335
2028,tier_mappo,100,42,1.0432769317753579
2028,tier_mappo,300,42,1.142757113388581
